{
  "total_revenue": 65999999.99999999,
  "gross_margin_pct": 0.55,
  "ebitda_margin_pct": 0.4227272727272728,
  "avg_operating_cf": 1162500.0,
  "avg_net_cashflow": 1116714.0
}